{"DENT": 2.4699999999999998, "DREP": 2.105, "ACH": 1.93, "LRC": 1.815, "CVP": 1.55, "VGX": 1.53, "PERP": 1.48, "AUCTION": 1.35, "CFX": 1.32, "BEL": 1.31, "IQ": 1.28, "PERL": 1.24, "HFT": 1.22, "LUNA": 1.1, "FIDA": 1.085, "HARD": 1.055, "MINA": 1.0350000000000001, "MOB": 1.0050000000000001, "OOKI": 0.99, "DOCK": 0.9450000000000001}