{"WNXM": 4.42, "IQ": 3.58, "LOOM": 3.19, "MDT": 2.9800000000000004, "BTTC": 1.35, "SRM": 1.34, "NBT": 1.01, "BAR": 0.915, "ENS": 0.9099999999999999, "CFX": 0.89, "MC": 0.8699999999999999, "UFT": 0.84, "SC": 0.8049999999999999, "STMX": 0.79, "ACH": 0.77, "VIDT": 0.7350000000000001, "CTXC": 0.73, "MASK": 0.675, "CRV": 0.665, "USTC": 0.66}